id,Title,Categories,"Country name","City name","State abbreviation",sources_source_link
10639,Arab,"North America>United States of America>Alabama",,Arab,,
6438,"Is Albany Tap Water Safe to Drink?","North America>United States of America>New York",,Albany,NY,
6439,"Is Albany Tap Water Safe to Drink?","North America>United States of America>Oregon",,Albany,OR,
6440,"Is Albuquerque Tap Water Safe to Drink?","North America>United States of America>New Mexico",,Albuquerque,NM,
6441,"Is Alexandria Tap Water Safe to Drink?","North America>United States of America>Louisiana",,Alexandria,LA,
6442,"Is Alexandria Tap Water Safe to Drink?","North America>United States of America>Virginia",,Alexandria,VA,
6458,"Is Annapolis Tap Water Safe to Drink?","North America>United States of America>Maryland",,Annapolis,MD,
6443,"Is Aliso Viejo Tap Water Safe to Drink?","North America>United States of America>California",,"Aliso Viejo",CA,
6459,"Is Antioch Tap Water Safe to Drink?","North America>United States of America>California",,Antioch,CA,
6444,"Is Allen Tap Water Safe to Drink?","North America>United States of America>Texas",,Allen,TX,
6460,"Is Apopka Tap Water Safe to Drink?","North America>United States of America>Florida",,Apopka,FL,
6445,"Is Allentown Tap Water Safe to Drink?","North America>United States of America>Pennsylvania",,Allentown,PA,
6461,"Is Apple Valley Tap Water Safe to Drink?","North America>United States of America>California",,"Apple Valley",CA,
6446,"Is Alpharetta Tap Water Safe to Drink?","North America>United States of America>Georgia",,Alpharetta,GA,
6432,"Is Aberdeen Tap Water Safe to Drink?","North America>United States of America>South Dakota",,Aberdeen,SD,
6433,"Is Abilene Tap Water Safe to Drink?","North America>United States of America>Texas",,Abilene,TX,
6434,"Is Acton Tap Water Safe to Drink?","North America>United States of America>Massachusetts",,Acton,MA,
6435,"Is Akron Tap Water Safe to Drink?","North America>United States of America>Ohio",,Akron,OH,
6436,"Is Alameda Tap Water Safe to Drink?","North America>United States of America>California",,Alameda,CA,
6437,"Is Alamogordo Tap Water Safe to Drink?","North America>United States of America>New Mexico",,Alamogordo,NM,
6454,"Is Anderson Tap Water Safe to Drink?","North America>United States of America>South Carolina",,Anderson,SC,
6455,"Is Andover Tap Water Safe to Drink?","North America>United States of America>Massachusetts",,Andover,MA,
6456,"Is Ankeny Tap Water Safe to Drink?","North America>United States of America>Iowa",,Ankeny,IA,
6457,"Is Ann Arbor Tap Water Safe to Drink?","North America>United States of America>Michigan",,"Ann Arbor",MI,
6462,"Is Appleton Tap Water Safe to Drink?","North America>United States of America>Wisconsin",,Appleton,WI,
6447,"Is Alton Tap Water Safe to Drink?","North America>United States of America>Illinois",,Alton,IL,
6463,"Is Arlington Tap Water Safe to Drink?","North America>United States of America>Texas",,Arlington,TX,
6448,"Is Amarillo Tap Water Safe to Drink?","North America>United States of America>Texas",,Amarillo,TX,
6464,"Is Arlington Tap Water Safe to Drink?","North America>United States of America>Virginia",,Arlington,VA,
6449,"Is Ames Tap Water Safe to Drink?","North America>United States of America>Iowa",,Ames,IA,
6465,"Is Ashburn Tap Water Safe to Drink?","North America>United States of America>Virginia",,Ashburn,VA,
6450,"Is Amherst Tap Water Safe to Drink?","North America>United States of America>Massachusetts",,Amherst,MA,
6466,"Is Asheville Tap Water Safe to Drink?","North America>United States of America>North Carolina",,Asheville,NC,
6451,"Is Anaheim Tap Water Safe to Drink?","North America>United States of America>California",,Anaheim,CA,
6467,"Is Astoria Tap Water Safe to Drink?","North America>United States of America>New York",,Astoria,NY,
6452,"Is Anchorage Tap Water Safe to Drink?","North America>United States of America>Alaska",,Anchorage,AK,
6453,"Is Anderson Tap Water Safe to Drink?","North America>United States of America>California",,Anderson,CA,
6470,"Is Athens Tap Water Safe to Drink?","North America>United States of America>Georgia",,Athens,GA,
6486,"Is Beaufort Tap Water Safe to Drink?","North America>United States of America>South Carolina",,Beaufort,SC,
6471,"Is Athens Tap Water Safe to Drink?","North America>United States of America>Ohio",,Athens,OH,
6472,"Is Atlanta Tap Water Safe to Drink?","North America>United States of America>Georgia",,Atlanta,GA,https://www.lonelyplanet.com/usa/the-south/atlanta/health
6473,"Is Auburn Tap Water Safe to Drink?","North America>United States of America>Alabama",,Auburn,AL,
6474,"Is Augusta Tap Water Safe to Drink?","North America>United States of America>Georgia",,Augusta,GA,
6475,"Is Augusta Tap Water Safe to Drink?","North America>United States of America>Maine",,Augusta,ME,
6476,"Is Aurora Tap Water Safe to Drink?","North America>United States of America>Colorado",,Aurora,CO,
6477,"Is Aurora Tap Water Safe to Drink?","North America>United States of America>Illinois",,Aurora,IL,
6481,"Is Baltimore Tap Water Safe to Drink?","North America>United States of America>Maryland",,Baltimore,MD,
6482,"Is Bangor Tap Water Safe to Drink?","North America>United States of America>Maine",,Bangor,ME,
6483,"Is Baton Rouge Tap Water Safe to Drink?","North America>United States of America>Louisiana",,"Baton Rouge",LA,
6468,"Is Astoria Tap Water Safe to Drink?","North America>United States of America>Oregon",,Astoria,OR,
6484,"Is Battle Creek Tap Water Safe to Drink?","North America>United States of America>Michigan",,"Battle Creek",MI,
6469,"Is Atascadero Tap Water Safe to Drink?","North America>United States of America>California",,Atascadero,CA,
6485,"Is Baytown Tap Water Safe to Drink?","North America>United States of America>Texas",,Baytown,TX,
6502,"Is Billings Tap Water Safe to Drink?","North America>United States of America>Montana",,Billings,MT,
6487,"Is Beaumont Tap Water Safe to Drink?","North America>United States of America>Texas",,Beaumont,TX,
6503,"Is Biloxi Tap Water Safe to Drink?","North America>United States of America>Mississippi",,Biloxi,MS,
6488,"Is Beaverton Tap Water Safe to Drink?","North America>United States of America>Oregon",,Beaverton,OR,
6489,"Is Beckley Tap Water Safe to Drink?","North America>United States of America>West Virginia",,Beckley,WV,
6490,"Is Belleville Tap Water Safe to Drink?","North America>United States of America>Illinois",,Belleville,IL,
6491,"Is Bellevue Tap Water Safe to Drink?","North America>United States of America>Washington",,Bellevue,WA,
6492,"Is Bellingham Tap Water Safe to Drink?","North America>United States of America>Washington",,Bellingham,WA,
6493,"Is Belmont Tap Water Safe to Drink?","North America>United States of America>California",,Belmont,CA,
6478,"Is Austin Tap Water Safe to Drink?","North America>United States of America>Texas",,Austin,TX,
6479,"Is Avondale Tap Water Safe to Drink?","North America>United States of America>Arizona",,Avondale,AZ,
6480,"Is Bakersfield Tap Water Safe to Drink?","North America>United States of America>California",,Bakersfield,CA,
6498,"Is Berkeley Tap Water Safe to Drink?","North America>United States of America>California",,Berkeley,CA,
6499,"Is Bethesda Tap Water Safe to Drink?","North America>United States of America>Maryland",,Bethesda,MD,
6500,"Is Bethlehem Tap Water Safe to Drink?","North America>United States of America>Pennsylvania",,Bethlehem,PA,
6501,"Is Beverly Hills Tap Water Safe to Drink?","North America>United States of America>California",,"Beverly Hills",CA,
6504,"Is Binghamton Tap Water Safe to Drink?","North America>United States of America>New York",,Binghamton,NY,
6505,"Is Birmingham Tap Water Safe to Drink?","North America>United States of America>Alabama",,Birmingham,AL,
6506,"Is Bismarck Tap Water Safe to Drink?","North America>United States of America>North Dakota",,Bismarck,ND,
6507,"Is Blacksburg Tap Water Safe to Drink?","North America>United States of America>Virginia",,Blacksburg,VA,
6508,"Is Bloomfield Hills Tap Water Safe to Drink?","North America>United States of America>Michigan",,"Bloomfield Hills",MI,
6524,"Is Brentwood Tap Water Safe to Drink?","North America>United States of America>Tennessee",,Brentwood,TN,
6509,"Is Bloomington Tap Water Safe to Drink?","North America>United States of America>Illinois",,Bloomington,IL,
6525,"Is Bridgeport Tap Water Safe to Drink?","North America>United States of America>Connecticut",,Bridgeport,CT,
6494,"Is Beloit Tap Water Safe to Drink?","North America>United States of America>Wisconsin",,Beloit,WI,
6510,"Is Bloomington Tap Water Safe to Drink?","North America>United States of America>Indiana",,Bloomington,IN,
6495,"Is Bend Tap Water Safe to Drink?","North America>United States of America>Oregon",,Bend,OR,
6511,"Is Boca Raton Tap Water Safe to Drink?","North America>United States of America>Florida",,"Boca Raton",FL,
6496,"Is Bentonville Tap Water Safe to Drink?","North America>United States of America>Arkansas",,Bentonville,AR,
6512,"Is Boise Tap Water Safe to Drink?","North America>United States of America>Idaho",,Boise,ID,
6497,"Is Bergen County Tap Water Safe to Drink?","North America>United States of America>New Jersey",,"Bergen County",NJ,
6513,"Is Boone Tap Water Safe to Drink?","North America>United States of America>North Carolina",,Boone,NC,
6514,"Is Boston Tap Water Safe to Drink?","North America>United States of America>Massachusetts",,Boston,MA,https://www.lonelyplanet.com/usa/boston/health
6515,"Is Boulder Tap Water Safe to Drink?","North America>United States of America>Colorado",,Boulder,CO,
6516,"Is Bowling Green Tap Water Safe to Drink?","North America>United States of America>Kentucky",,"Bowling Green",KY,
6518,"Is Bozeman Tap Water Safe to Drink?","North America>United States of America>Montana",,Bozeman,MT,
6519,"Is Bradenton Tap Water Safe to Drink?","North America>United States of America>Florida",,Bradenton,FL,
6520,"Is Brainerd Tap Water Safe to Drink?","North America>United States of America>Minnesota",,Brainerd,MN,
6521,"Is Brea Tap Water Safe to Drink?","North America>United States of America>California",,Brea,CA,
6522,"Is Bremerton Tap Water Safe to Drink?","North America>United States of America>Washington",,Bremerton,WA,
6523,"Is Brentwood Tap Water Safe to Drink?","North America>United States of America>California",,Brentwood,CA,
6540,"Is Cambridge Tap Water Safe to Drink?","North America>United States of America>Massachusetts",,Cambridge,MA,
6541,"Is Canoga Park Tap Water Safe to Drink?","North America>United States of America>California",,"Canoga Park",CA,
6526,"Is Bridgewater Tap Water Safe to Drink?","North America>United States of America>New Jersey",,Bridgewater,NJ,
6527,"Is Bronx Tap Water Safe to Drink?","North America>United States of America>New York",,Bronx,NY,
6528,"Is Brookhaven Tap Water Safe to Drink?","North America>United States of America>New York",,Brookhaven,NY,
6529,"Is Brooklyn Tap Water Safe to Drink?","North America>United States of America>New York",,Brooklyn,NY,
6530,"Is Brownsville Tap Water Safe to Drink?","North America>United States of America>Texas",,Brownsville,TX,
6531,"Is Brunswick Tap Water Safe to Drink?","North America>United States of America>Georgia",,Brunswick,GA,
6532,"Is Buffalo Tap Water Safe to Drink?","North America>United States of America>New York",,Buffalo,NY,
6517,"Is Boynton Beach Tap Water Safe to Drink?","North America>United States of America>Florida",,"Boynton Beach",FL,
6534,"Is Burbank Tap Water Safe to Drink?","North America>United States of America>California",,Burbank,CA,
6550,"Is Casper Tap Water Safe to Drink?","North America>United States of America>Wyoming",,Casper,WY,
6535,"Is Burley Tap Water Safe to Drink?","North America>United States of America>Idaho",,Burley,ID,
6536,"Is Burlington Tap Water Safe to Drink?","North America>United States of America>Iowa",,Burlington,IA,
6537,"Is Burlington Tap Water Safe to Drink?","North America>United States of America>Vermont",,Burlington,VT,
6538,"Is Butte Tap Water Safe to Drink?","North America>United States of America>Montana",,Butte,MT,
6539,"Is Camarillo Tap Water Safe to Drink?","North America>United States of America>California",,Camarillo,CA,
6556,"Is Chapel Hill Tap Water Safe to Drink?","North America>United States of America>North Carolina",,"Chapel Hill",NC,
6557,"Is Charleston Tap Water Safe to Drink?","North America>United States of America>South Carolina",,Charleston,SC,
6542,"Is Canton Tap Water Safe to Drink?","North America>United States of America>Ohio",,Canton,OH,
6543,"Is Cape Girardeau Tap Water Safe to Drink?","North America>United States of America>Missouri",,"Cape Girardeau",MO,
6544,"Is Carbondale Tap Water Safe to Drink?","North America>United States of America>Illinois",,Carbondale,IL,
6545,"Is Carlsbad Tap Water Safe to Drink?","North America>United States of America>California",,Carlsbad,CA,
6546,"Is Carlsbad Tap Water Safe to Drink?","North America>United States of America>New Mexico",,Carlsbad,NM,
6547,"Is Carson City Tap Water Safe to Drink?","North America>United States of America>Nevada",,"Carson City",NV,
6548,"Is Cartersville Tap Water Safe to Drink?","North America>United States of America>Georgia",,Cartersville,GA,
6533,"Is Bullhead City Tap Water Safe to Drink?","North America>United States of America>Arizona",,"Bullhead City",AZ,
6549,"Is Cary Tap Water Safe to Drink?","North America>United States of America>North Carolina",,Cary,NC,
6567,"Is Chula Vista Tap Water Safe to Drink?","North America>United States of America>California",,"Chula Vista",CA,
6551,"Is Cedar City Tap Water Safe to Drink?","North America>United States of America>Utah",,"Cedar City",UT,
6552,"Is Cedar Rapids Tap Water Safe to Drink?","North America>United States of America>Iowa",,"Cedar Rapids",IA,
6553,"Is Centreville Tap Water Safe to Drink?","North America>United States of America>Virginia",,Centreville,VA,
6554,"Is Champaign Tap Water Safe to Drink?","North America>United States of America>Illinois",,Champaign,IL,
6555,"Is Chandler Tap Water Safe to Drink?","North America>United States of America>Arizona",,Chandler,AZ,
6572,"Is Cleveland Tap Water Safe to Drink?","North America>United States of America>Ohio",,Cleveland,OH,
6573,"Is Clifton Tap Water Safe to Drink?","North America>United States of America>New Jersey",,Clifton,NJ,
6558,"Is Charleston Tap Water Safe to Drink?","North America>United States of America>West Virginia",,Charleston,WV,
6559,"Is Charlotte Tap Water Safe to Drink?","North America>United States of America>North Carolina",,Charlotte,NC,
6560,"Is Charlottesville Tap Water Safe to Drink?","North America>United States of America>Virginia",,Charlottesville,VA,
6561,"Is Chattanooga Tap Water Safe to Drink?","North America>United States of America>Tennessee",,Chattanooga,TN,
6562,"Is Cherry Hill Tap Water Safe to Drink?","North America>United States of America>New Jersey",,"Cherry Hill",NJ,
6563,"Is Chesapeake Tap Water Safe to Drink?","North America>United States of America>Virginia",,Chesapeake,VA,
6564,"Is Cheyenne Tap Water Safe to Drink?","North America>United States of America>Wyoming",,Cheyenne,WY,
6566,"Is Chico Tap Water Safe to Drink?","North America>United States of America>California",,Chico,CA,
6583,"Is Columbia Tap Water Safe to Drink?","North America>United States of America>Missouri",,Columbia,MO,
6568,"Is Cincinnati Tap Water Safe to Drink?","North America>United States of America>Ohio",,Cincinnati,OH,
6569,"Is Citrus Heights Tap Water Safe to Drink?","North America>United States of America>California",,"Citrus Heights",CA,
6570,"Is Clarksville Tap Water Safe to Drink?","North America>United States of America>Tennessee",,Clarksville,TN,
6586,"Is Columbus Tap Water Safe to Drink?","North America>United States of America>Indiana",,Columbus,IN,
6602,"Is Cumming Tap Water Safe to Drink?","North America>United States of America>Georgia",,Cumming,GA,
6571,"Is Clearwater Tap Water Safe to Drink?","North America>United States of America>Florida",,Clearwater,FL,
6587,"Is Columbus Tap Water Safe to Drink?","North America>United States of America>Ohio",,Columbus,OH,
6588,"Is Concord Tap Water Safe to Drink?","North America>United States of America>California",,Concord,CA,
6589,"Is Concord Tap Water Safe to Drink?","North America>United States of America>New Hampshire",,Concord,NH,
6574,"Is Clinton Township Tap Water Safe to Drink?","North America>United States of America>Michigan",,"Clinton Township",MI,
6575,"Is Clovis Tap Water Safe to Drink?","North America>United States of America>New Mexico",,Clovis,NM,
6576,"Is Cody Tap Water Safe to Drink?","North America>United States of America>Wyoming",,Cody,WY,
6577,"Is Coeur d'Alene Tap Water Safe to Drink?","North America>United States of America>Idaho",,"Coeur d'Alene",ID,
6578,"Is College Park Tap Water Safe to Drink?","North America>United States of America>Maryland",,"College Park",MD,
6579,"Is College Station Tap Water Safe to Drink?","North America>United States of America>Texas",,"College Station",TX,
6580,"Is Colorado Springs Tap Water Safe to Drink?","North America>United States of America>Colorado",,"Colorado Springs",CO,
6581,"Is Colton Tap Water Safe to Drink?","North America>United States of America>California",,Colton,CA,
6582,"Is Columbia Tap Water Safe to Drink?","North America>United States of America>Maryland",,Columbia,MD,
6599,"Is Crestview Tap Water Safe to Drink?","North America>United States of America>Florida",,Crestview,FL,
6584,"Is Columbia Tap Water Safe to Drink?","North America>United States of America>South Carolina",,Columbia,SC,
6600,"Is Crystal Lake Tap Water Safe to Drink?","North America>United States of America>Illinois",,"Crystal Lake",IL,
6585,"Is Columbus Tap Water Safe to Drink?","North America>United States of America>Georgia",,Columbus,GA,
6601,"Is Cumberland Tap Water Safe to Drink?","North America>United States of America>Maryland",,Cumberland,MD,
6619,"Is Denver Tap Water Safe to Drink?","North America>United States of America>Colorado",,Denver,CO,
6604,"Is Dallas Tap Water Safe to Drink?","North America>United States of America>Texas",,Dallas,TX,
6620,"Is Des Moines Tap Water Safe to Drink?","North America>United States of America>Iowa",,"Des Moines",IA,
6605,"Is Danbury Tap Water Safe to Drink?","North America>United States of America>Connecticut",,Danbury,CT,
6590,"Is Conroe Tap Water Safe to Drink?","North America>United States of America>Texas",,Conroe,TX,
6591,"Is Cookeville Tap Water Safe to Drink?","North America>United States of America>Tennessee",,Cookeville,TN,
6592,"Is Coos Bay Tap Water Safe to Drink?","North America>United States of America>Oregon",,"Coos Bay",OR,
6593,"Is Coral Springs Tap Water Safe to Drink?","North America>United States of America>Florida",,"Coral Springs",FL,
6594,"Is Corona Tap Water Safe to Drink?","North America>United States of America>California",,Corona,CA,
6595,"Is Corpus Christi Tap Water Safe to Drink?","North America>United States of America>Texas",,"Corpus Christi",TX,
6596,"Is Corvallis Tap Water Safe to Drink?","North America>United States of America>Oregon",,Corvallis,OR,
6597,"Is Costa Mesa Tap Water Safe to Drink?","North America>United States of America>California",,"Costa Mesa",CA,
6598,"Is Cottonwood Tap Water Safe to Drink?","North America>United States of America>Arizona",,Cottonwood,AZ,
6615,"Is Del Rio Tap Water Safe to Drink?","North America>United States of America>Texas",,"Del Rio",TX,
6616,"Is DeLand Tap Water Safe to Drink?","North America>United States of America>Florida",,DeLand,FL,
6617,"Is Delray Beach Tap Water Safe to Drink?","North America>United States of America>Florida",,"Delray Beach",FL,
6618,"Is Denton Tap Water Safe to Drink?","North America>United States of America>Texas",,Denton,TX,
6603,"Is Cupertino Tap Water Safe to Drink?","North America>United States of America>California",,Cupertino,CA,
6636,"Is Eagle River Tap Water Safe to Drink?","North America>United States of America>Alaska",,"Eagle River",AK,
6621,"Is Des Plaines Tap Water Safe to Drink?","North America>United States of America>Illinois",,"Des Plaines",IL,
6606,"Is Danville Tap Water Safe to Drink?","North America>United States of America>California",,Danville,CA,
6607,"Is Danville Tap Water Safe to Drink?","North America>United States of America>Virginia",,Danville,VA,
6608,"Is Davenport Tap Water Safe to Drink?","North America>United States of America>Iowa",,Davenport,IA,
6609,"Is Davis Tap Water Safe to Drink?","North America>United States of America>California",,Davis,CA,
6610,"Is Dayton Tap Water Safe to Drink?","North America>United States of America>Ohio",,Dayton,OH,
6611,"Is Daytona Beach Tap Water Safe to Drink?","North America>United States of America>Florida",,"Daytona Beach",FL,
6612,"Is Decatur Tap Water Safe to Drink?","North America>United States of America>Illinois",,Decatur,IL,
6613,"Is Deerfield Beach Tap Water Safe to Drink?","North America>United States of America>Florida",,"Deerfield Beach",FL,
6614,"Is DeKalb Tap Water Safe to Drink?","North America>United States of America>Illinois",,DeKalb,IL,
6631,"Is Dubuque Tap Water Safe to Drink?","North America>United States of America>Iowa",,Dubuque,IA,
6632,"Is Duluth Tap Water Safe to Drink?","North America>United States of America>Georgia",,Duluth,GA,
6633,"Is Duluth Tap Water Safe to Drink?","North America>United States of America>Minnesota",,Duluth,MN,
6634,"Is Durango Tap Water Safe to Drink?","North America>United States of America>Colorado",,Durango,CO,
6635,"Is Durham Tap Water Safe to Drink?","North America>United States of America>North Carolina",,Durham,NC,
6652,"Is Erie Tap Water Safe to Drink?","North America>United States of America>Pennsylvania",,Erie,PA,
6637,"Is East Lansing Tap Water Safe to Drink?","North America>United States of America>Michigan",,"East Lansing",MI,
6653,"Is Eugene Tap Water Safe to Drink?","North America>United States of America>Oregon",,Eugene,OR,
6622,"Is Detroit Tap Water Safe to Drink?","North America>United States of America>Michigan",,Detroit,MI,
6623,"Is Dodge City Tap Water Safe to Drink?","North America>United States of America>Kansas",,"Dodge City",KS,
6624,"Is Dothan Tap Water Safe to Drink?","North America>United States of America>Alabama",,Dothan,AL,
6625,"Is Dover Tap Water Safe to Drink?","North America>United States of America>Delaware",,Dover,DE,
6626,"Is Dover Tap Water Safe to Drink?","North America>United States of America>New Hampshire",,Dover,NH,
6627,"Is Downey Tap Water Safe to Drink?","North America>United States of America>California",,Downey,CA,
6628,"Is Downingtown Tap Water Safe to Drink?","North America>United States of America>Pennsylvania",,Downingtown,PA,
6629,"Is Doylestown Tap Water Safe to Drink?","North America>United States of America>Pennsylvania",,Doylestown,PA,
6630,"Is Dublin Tap Water Safe to Drink?","North America>United States of America>Ohio",,Dublin,OH,
6647,"Is El Paso Tap Water Safe to Drink?","North America>United States of America>Texas",,"El Paso",TX,
6648,"Is Elizabethtown Tap Water Safe to Drink?","North America>United States of America>Kentucky",,Elizabethtown,KY,
6649,"Is Elkhart Tap Water Safe to Drink?","North America>United States of America>Indiana",,Elkhart,IN,
6650,"Is Elko Tap Water Safe to Drink?","North America>United States of America>Nevada",,Elko,NV,
6651,"Is Elmira Tap Water Safe to Drink?","North America>United States of America>New York",,Elmira,NY,
6667,"Is Fayetteville Tap Water Safe to Drink?","North America>United States of America>North Carolina",,Fayetteville,NC,
6668,"Is Flagstaff Tap Water Safe to Drink?","North America>United States of America>Arizona",,Flagstaff,AZ,
6669,"Is Flint Tap Water Safe to Drink?","North America>United States of America>Michigan",,Flint,MI,
6638,"Is East Providence Tap Water Safe to Drink?","North America>United States of America>Rhode Island",,"East Providence",RI,
6639,"Is Eau Claire Tap Water Safe to Drink?","North America>United States of America>Wisconsin",,"Eau Claire",WI,
6640,"Is Eden Prairie Tap Water Safe to Drink?","North America>United States of America>Minnesota",,"Eden Prairie",MN,
6641,"Is Edison Tap Water Safe to Drink?","North America>United States of America>New Jersey",,Edison,NJ,
6642,"Is Edmond Tap Water Safe to Drink?","North America>United States of America>Oklahoma",,Edmond,OK,
6643,"Is Edwardsville Tap Water Safe to Drink?","North America>United States of America>Illinois",,Edwardsville,IL,
6644,"Is El Cajon Tap Water Safe to Drink?","North America>United States of America>California",,"El Cajon",CA,
6645,"Is El Centro Tap Water Safe to Drink?","North America>United States of America>California",,"El Centro",CA,
6646,"Is El Dorado Tap Water Safe to Drink?","North America>United States of America>Arkansas",,"El Dorado",AR,
6663,"Is Fargo Tap Water Safe to Drink?","North America>United States of America>North Dakota",,Fargo,ND,
6664,"Is Farmington Tap Water Safe to Drink?","North America>United States of America>New Mexico",,Farmington,NM,
6665,"Is Farmington Hills Tap Water Safe to Drink?","North America>United States of America>Michigan",,"Farmington Hills",MI,
6666,"Is Fayetteville Tap Water Safe to Drink?","North America>United States of America>Arkansas",,Fayetteville,AR,
6684,"Is Fremont Tap Water Safe to Drink?","North America>United States of America>California",,Fremont,CA,
6685,"Is Fresno Tap Water Safe to Drink?","North America>United States of America>California",,Fresno,CA,
6654,"Is Eureka Tap Water Safe to Drink?","North America>United States of America>California",,Eureka,CA,
6670,"Is Florence Tap Water Safe to Drink?","North America>United States of America>Alabama",,Florence,AL,https://www.lonelyplanet.com/italy/florence/health
6655,"Is Evanston Tap Water Safe to Drink?","North America>United States of America>Illinois",,Evanston,IL,
6671,"Is Fond du Lac Tap Water Safe to Drink?","North America>United States of America>Wisconsin",,"Fond du Lac",WI,
6656,"Is Evansville Tap Water Safe to Drink?","North America>United States of America>Indiana",,Evansville,IN,
6657,"Is Everett Tap Water Safe to Drink?","North America>United States of America>Washington",,Everett,WA,
6658,"Is Fairbanks Tap Water Safe to Drink?","North America>United States of America>Alaska",,Fairbanks,AK,
6659,"Is Fairfax Tap Water Safe to Drink?","North America>United States of America>Virginia",,Fairfax,VA,
6660,"Is Fairfield Tap Water Safe to Drink?","North America>United States of America>California",,Fairfield,CA,
6661,"Is Fairfield Tap Water Safe to Drink?","North America>United States of America>Connecticut",,Fairfield,CT,
6662,"Is Fall River Tap Water Safe to Drink?","North America>United States of America>Massachusetts",,"Fall River",MA,
6679,"Is Fort Worth Tap Water Safe to Drink?","North America>United States of America>Texas",,"Fort Worth",TX,
6680,"Is Foster City Tap Water Safe to Drink?","North America>United States of America>California",,"Foster City",CA,
6681,"Is Franklin Tap Water Safe to Drink?","North America>United States of America>Tennessee",,Franklin,TN,
6682,"Is Frederick Tap Water Safe to Drink?","North America>United States of America>Maryland",,Frederick,MD,
6683,"Is Fredericksburg Tap Water Safe to Drink?","North America>United States of America>Virginia",,Fredericksburg,VA,
6687,"Is Fullerton Tap Water Safe to Drink?","North America>United States of America>California",,Fullerton,CA,
6672,"Is Fontana Tap Water Safe to Drink?","North America>United States of America>California",,Fontana,CA,
6688,"Is Gadsden Tap Water Safe to Drink?","North America>United States of America>Alabama",,Gadsden,AL,
6673,"Is Fort Collins Tap Water Safe to Drink?","North America>United States of America>Colorado",,"Fort Collins",CO,
6674,"Is Fort Lauderdale Tap Water Safe to Drink?","North America>United States of America>Florida",,"Fort Lauderdale",FL,
6675,"Is Fort Myers Tap Water Safe to Drink?","North America>United States of America>Florida",,"Fort Myers",FL,
6676,"Is Fort Smith Tap Water Safe to Drink?","North America>United States of America>Arkansas",,"Fort Smith",AR,
6677,"Is Fort Walton Beach Tap Water Safe to Drink?","North America>United States of America>Florida",,"Fort Walton Beach",FL,
6678,"Is Fort Wayne Tap Water Safe to Drink?","North America>United States of America>Indiana",,"Fort Wayne",IN,
6695,"Is Garland Tap Water Safe to Drink?","North America>United States of America>Texas",,Garland,TX,
6696,"Is Gastonia Tap Water Safe to Drink?","North America>United States of America>North Carolina",,Gastonia,NC,
6697,"Is Germantown Tap Water Safe to Drink?","North America>United States of America>Maryland",,Germantown,MD,
6698,"Is Gig Harbor Tap Water Safe to Drink?","North America>United States of America>Washington",,"Gig Harbor",WA,
6699,"Is Gilbert Tap Water Safe to Drink?","North America>United States of America>Arizona",,Gilbert,AZ,
6700,"Is Gillette Tap Water Safe to Drink?","North America>United States of America>Wyoming",,Gillette,WY,
6701,"Is Glendale Tap Water Safe to Drink?","North America>United States of America>Arizona",,Glendale,AZ,
6686,"Is Frisco Tap Water Safe to Drink?","North America>United States of America>Texas",,Frisco,TX,
6705,"Is Grand Island Tap Water Safe to Drink?","North America>United States of America>Nebraska",,"Grand Island",NE,
6690,"Is Gainesville Tap Water Safe to Drink?","North America>United States of America>Georgia",,Gainesville,GA,
6706,"Is Grand Junction Tap Water Safe to Drink?","North America>United States of America>Colorado",,"Grand Junction",CO,
6691,"Is Gaithersburg Tap Water Safe to Drink?","North America>United States of America>Maryland",,Gaithersburg,MD,
6707,"Is Grand Rapids Tap Water Safe to Drink?","North America>United States of America>Michigan",,"Grand Rapids",MI,
6692,"Is Galesburg Tap Water Safe to Drink?","North America>United States of America>Illinois",,Galesburg,IL,
6693,"Is Galveston Tap Water Safe to Drink?","North America>United States of America>Texas",,Galveston,TX,
6694,"Is Garden Grove Tap Water Safe to Drink?","North America>United States of America>California",,"Garden Grove",CA,
6711,"Is Great Falls Tap Water Safe to Drink?","North America>United States of America>Montana",,"Great Falls",MT,
6712,"Is Greeley Tap Water Safe to Drink?","North America>United States of America>Colorado",,Greeley,CO,
6713,"Is Green Bay Tap Water Safe to Drink?","North America>United States of America>Wisconsin",,"Green Bay",WI,
6714,"Is Greensboro Tap Water Safe to Drink?","North America>United States of America>North Carolina",,Greensboro,NC,
6715,"Is Greensburg Tap Water Safe to Drink?","North America>United States of America>Pennsylvania",,Greensburg,PA,
6716,"Is Greenville Tap Water Safe to Drink?","North America>United States of America>North Carolina",,Greenville,NC,
6717,"Is Greenville Tap Water Safe to Drink?","North America>United States of America>South Carolina",,Greenville,SC,
6702,"Is Glendale Tap Water Safe to Drink?","North America>United States of America>California",,Glendale,CA,
6703,"Is Granbury Tap Water Safe to Drink?","North America>United States of America>Texas",,Granbury,TX,
6704,"Is Grand Forks Tap Water Safe to Drink?","North America>United States of America>North Dakota",,"Grand Forks",ND,
6689,"Is Gainesville Tap Water Safe to Drink?","North America>United States of America>Florida",,Gainesville,FL,
6723,"Is Hanover Tap Water Safe to Drink?","North America>United States of America>New Hampshire",,Hanover,NH,
6708,"Is Grants Pass Tap Water Safe to Drink?","North America>United States of America>Oregon",,"Grants Pass",OR,
6724,"Is Harlingen Tap Water Safe to Drink?","North America>United States of America>Texas",,Harlingen,TX,
6709,"Is Grapevine Tap Water Safe to Drink?","North America>United States of America>Texas",,Grapevine,TX,
6725,"Is Harrisburg Tap Water Safe to Drink?","North America>United States of America>Pennsylvania",,Harrisburg,PA,
6710,"Is Grass Valley Tap Water Safe to Drink?","North America>United States of America>California",,"Grass Valley",CA,
6727,"Is Hartford Tap Water Safe to Drink?","North America>United States of America>Connecticut",,Hartford,CT,
6743,"Is Holland Tap Water Safe to Drink?","North America>United States of America>Michigan",,Holland,MI,
6728,"Is Hattiesburg Tap Water Safe to Drink?","North America>United States of America>Mississippi",,Hattiesburg,MS,
6729,"Is Haverhill Tap Water Safe to Drink?","North America>United States of America>Massachusetts",,Haverhill,MA,
6730,"Is Hayward Tap Water Safe to Drink?","North America>United States of America>California",,Hayward,CA,
6731,"Is Helena Tap Water Safe to Drink?","North America>United States of America>Montana",,Helena,MT,
6732,"Is Hempstead Tap Water Safe to Drink?","North America>United States of America>New York",,Hempstead,NY,
6733,"Is Henderson Tap Water Safe to Drink?","North America>United States of America>Nevada",,Henderson,NV,
6718,"Is Greenville Tap Water Safe to Drink?","North America>United States of America>Texas",,Greenville,TX,
6719,"Is Gresham Tap Water Safe to Drink?","North America>United States of America>Oregon",,Gresham,OR,
6720,"Is Gulfport Tap Water Safe to Drink?","North America>United States of America>Mississippi",,Gulfport,MS,
6721,"Is Hagerstown Tap Water Safe to Drink?","North America>United States of America>Maryland",,Hagerstown,MD,
6722,"Is Hamilton Tap Water Safe to Drink?","North America>United States of America>Ohio",,Hamilton,OH,
6740,"Is Hilton Head Island Tap Water Safe to Drink?","North America>United States of America>South Carolina",,"Hilton Head Island",SC,
6741,"Is Hobbs Tap Water Safe to Drink?","North America>United States of America>New Mexico",,Hobbs,NM,
6726,"Is Harrison Tap Water Safe to Drink?","North America>United States of America>Arkansas",,Harrison,AR,
6742,"Is Hoboken Tap Water Safe to Drink?","North America>United States of America>New Jersey",,Hoboken,NJ,
6760,"Is Ithaca Tap Water Safe to Drink?","North America>United States of America>New York",,Ithaca,NY,
6744,"Is Hollywood Tap Water Safe to Drink?","North America>United States of America>Florida",,Hollywood,FL,
6746,"Is Hot Springs Tap Water Safe to Drink?","North America>United States of America>Arkansas",,"Hot Springs",AR,
6747,"Is Houma Tap Water Safe to Drink?","North America>United States of America>Louisiana",,Houma,LA,
6748,"Is Houston Tap Water Safe to Drink?","North America>United States of America>Texas",,Houston,TX,
6749,"Is Huntington Tap Water Safe to Drink?","North America>United States of America>West Virginia",,Huntington,WV,
6734,"Is Herndon Tap Water Safe to Drink?","North America>United States of America>Virginia",,Herndon,VA,
6735,"Is Hickory Tap Water Safe to Drink?","North America>United States of America>North Carolina",,Hickory,NC,
6736,"Is High Point Tap Water Safe to Drink?","North America>United States of America>North Carolina",,"High Point",NC,
6737,"Is Highlands Ranch Tap Water Safe to Drink?","North America>United States of America>Colorado",,"Highlands Ranch",CO,
6738,"Is Hillsboro Tap Water Safe to Drink?","North America>United States of America>Oregon",,Hillsboro,OR,
6755,"Is Indianapolis Tap Water Safe to Drink?","North America>United States of America>Indiana",,Indianapolis,IN,
6739,"Is Hilo Tap Water Safe to Drink?","North America>United States of America>Hawaii",,Hilo,HI,
6756,"Is Indio Tap Water Safe to Drink?","North America>United States of America>California",,Indio,CA,
6757,"Is Iowa City Tap Water Safe to Drink?","North America>United States of America>Iowa",,"Iowa City",IA,
6758,"Is Irvine Tap Water Safe to Drink?","North America>United States of America>California",,Irvine,CA,
6759,"Is Irving Tap Water Safe to Drink?","North America>United States of America>Texas",,Irving,TX,
6776,"Is Kalispell Tap Water Safe to Drink?","North America>United States of America>Montana",,Kalispell,MT,
6761,"Is Jackson Tap Water Safe to Drink?","North America>United States of America>Mississippi",,Jackson,MS,
6777,"Is Kansas City Tap Water Safe to Drink?","North America>United States of America>Kansas",,"Kansas City",KS,
6762,"Is Jackson Tap Water Safe to Drink?","North America>United States of America>Tennessee",,Jackson,TN,
6763,"Is Jackson Tap Water Safe to Drink?","North America>United States of America>Wyoming",,Jackson,WY,
6764,"Is Jacksonville Tap Water Safe to Drink?","North America>United States of America>Florida",,Jacksonville,FL,
6765,"Is Jacksonville Tap Water Safe to Drink?","North America>United States of America>North Carolina",,Jacksonville,NC,
6750,"Is Huntington Beach Tap Water Safe to Drink?","North America>United States of America>California",,"Huntington Beach",CA,
6751,"Is Huntsville Tap Water Safe to Drink?","North America>United States of America>Alabama",,Huntsville,AL,
6752,"Is Hyannis Tap Water Safe to Drink?","North America>United States of America>Massachusetts",,Hyannis,MA,
6753,"Is Idaho Falls Tap Water Safe to Drink?","North America>United States of America>Idaho",,"Idaho Falls",ID,
6754,"Is Independence Tap Water Safe to Drink?","North America>United States of America>Missouri",,Independence,MO,
6770,"Is Joplin Tap Water Safe to Drink?","North America>United States of America>Missouri",,Joplin,MO,
6771,"Is Juneau Tap Water Safe to Drink?","North America>United States of America>Alaska",,Juneau,AK,
6772,"Is Jupiter Tap Water Safe to Drink?","North America>United States of America>Florida",,Jupiter,FL,
6773,"Is Kahului Tap Water Safe to Drink?","North America>United States of America>Hawaii",,Kahului,HI,
6774,"Is Kailua Tap Water Safe to Drink?","North America>United States of America>Hawaii",,Kailua,HI,
6775,"Is Kalamazoo Tap Water Safe to Drink?","North America>United States of America>Michigan",,Kalamazoo,MI,
6792,"Is Klamath Falls Tap Water Safe to Drink?","North America>United States of America>Oregon",,"Klamath Falls",OR,
6793,"Is Knoxville Tap Water Safe to Drink?","North America>United States of America>Tennessee",,Knoxville,TN,
6778,"Is Kansas City Tap Water Safe to Drink?","North America>United States of America>Missouri",,"Kansas City",MO,
6794,"Is Kokomo Tap Water Safe to Drink?","North America>United States of America>Indiana",,Kokomo,IN,
6779,"Is Katy Tap Water Safe to Drink?","North America>United States of America>Texas",,Katy,TX,
6795,"Is La Crosse Tap Water Safe to Drink?","North America>United States of America>Wisconsin",,"La Crosse",WI,
6780,"Is Keene Tap Water Safe to Drink?","North America>United States of America>New Hampshire",,Keene,NH,
6781,"Is Kennewick Tap Water Safe to Drink?","North America>United States of America>Washington",,Kennewick,WA,
6766,"Is Jersey City Tap Water Safe to Drink?","North America>United States of America>New Jersey",,"Jersey City",NJ,
6767,"Is Johnson City Tap Water Safe to Drink?","North America>United States of America>Tennessee",,"Johnson City",TN,
6768,"Is Johnstown Tap Water Safe to Drink?","North America>United States of America>Pennsylvania",,Johnstown,PA,
6769,"Is Jonesboro Tap Water Safe to Drink?","North America>United States of America>Arkansas",,Jonesboro,AR,
6787,"Is Kingman Tap Water Safe to Drink?","North America>United States of America>Arizona",,Kingman,AZ,
6788,"Is Kingsport Tap Water Safe to Drink?","North America>United States of America>Tennessee",,Kingsport,TN,
6789,"Is Kingston Tap Water Safe to Drink?","North America>United States of America>New York",,Kingston,NY,
6790,"Is Kirksville Tap Water Safe to Drink?","North America>United States of America>Missouri",,Kirksville,MO,
6791,"Is Kissimmee Tap Water Safe to Drink?","North America>United States of America>Florida",,Kissimmee,FL,
6808,"Is Laredo Tap Water Safe to Drink?","North America>United States of America>Texas",,Laredo,TX,
6809,"Is Las Cruces Tap Water Safe to Drink?","North America>United States of America>New Mexico",,"Las Cruces",NM,
6811,"Is Laurel Tap Water Safe to Drink?","North America>United States of America>Maryland",,Laurel,MD,
6812,"Is Lawrence Tap Water Safe to Drink?","North America>United States of America>Kansas",,Lawrence,KS,
6796,"Is Lafayette Tap Water Safe to Drink?","North America>United States of America>Indiana",,Lafayette,IN,
6813,"Is Lawrenceville Tap Water Safe to Drink?","North America>United States of America>Georgia",,Lawrenceville,GA,
6797,"Is Lafayette Tap Water Safe to Drink?","North America>United States of America>Louisiana",,Lafayette,LA,
6782,"Is Kenosha Tap Water Safe to Drink?","North America>United States of America>Wisconsin",,Kenosha,WI,
6783,"Is Kent Tap Water Safe to Drink?","North America>United States of America>Washington",,Kent,WA,
6784,"Is Ketchikan Tap Water Safe to Drink?","North America>United States of America>Alaska",,Ketchikan,AK,
6785,"Is Key West Tap Water Safe to Drink?","North America>United States of America>Florida",,"Key West",FL,
6786,"Is Killeen Tap Water Safe to Drink?","North America>United States of America>Texas",,Killeen,TX,
6805,"Is Lancaster Tap Water Safe to Drink?","North America>United States of America>Pennsylvania",,Lancaster,PA,
6806,"Is Lansing Tap Water Safe to Drink?","North America>United States of America>Michigan",,Lansing,MI,
6807,"Is Laramie Tap Water Safe to Drink?","North America>United States of America>Wyoming",,Laramie,WY,
6825,"Is Long Beach Tap Water Safe to Drink?","North America>United States of America>California",,"Long Beach",CA,
6826,"Is Long Branch Tap Water Safe to Drink?","North America>United States of America>New Jersey",,"Long Branch",NJ,
6827,"Is Long Island Tap Water Safe to Drink?","North America>United States of America>New York",,"Long Island",NY,
6828,"Is Longmont Tap Water Safe to Drink?","North America>United States of America>Colorado",,Longmont,CO,
6798,"Is Lake Charles Tap Water Safe to Drink?","North America>United States of America>Louisiana",,"Lake Charles",LA,
6799,"Is Lake Elsinore Tap Water Safe to Drink?","North America>United States of America>California",,"Lake Elsinore",CA,
6800,"Is Lake Forest Tap Water Safe to Drink?","North America>United States of America>California",,"Lake Forest",CA,
6817,"Is Levittown Tap Water Safe to Drink?","North America>United States of America>Pennsylvania",,Levittown,PA,
6801,"Is Lake Havasu City Tap Water Safe to Drink?","North America>United States of America>Arizona",,"Lake Havasu City",AZ,
6818,"Is Lexington Tap Water Safe to Drink?","North America>United States of America>Kentucky",,Lexington,KY,
6802,"Is Lake Worth Tap Water Safe to Drink?","North America>United States of America>Florida",,"Lake Worth",FL,
6819,"Is Lexington Park Tap Water Safe to Drink?","North America>United States of America>Maryland",,"Lexington Park",MD,
6803,"Is Lakeland Tap Water Safe to Drink?","North America>United States of America>Florida",,Lakeland,FL,
6820,"Is Lincoln Tap Water Safe to Drink?","North America>United States of America>Nebraska",,Lincoln,NE,
6804,"Is Lancaster Tap Water Safe to Drink?","North America>United States of America>California",,Lancaster,CA,
6821,"Is Little Rock Tap Water Safe to Drink?","North America>United States of America>Arkansas",,"Little Rock",AR,
6822,"Is Livermore Tap Water Safe to Drink?","North America>United States of America>California",,Livermore,CA,
6823,"Is Livonia Tap Water Safe to Drink?","North America>United States of America>Michigan",,Livonia,MI,
6824,"Is Logan Tap Water Safe to Drink?","North America>United States of America>Utah",,Logan,UT,
6842,"Is Manassas Tap Water Safe to Drink?","North America>United States of America>Virginia",,Manassas,VA,
6843,"Is Manchester Tap Water Safe to Drink?","North America>United States of America>New Hampshire",,Manchester,NH,
6844,"Is Manhattan Tap Water Safe to Drink?","North America>United States of America>Kansas",,Manhattan,KS,
6829,"Is Longview Tap Water Safe to Drink?","North America>United States of America>Texas",,Longview,TX,
6814,"Is Lawton Tap Water Safe to Drink?","North America>United States of America>Oklahoma",,Lawton,OK,
6815,"Is Leander Tap Water Safe to Drink?","North America>United States of America>Texas",,Leander,TX,
6832,"Is Los Gatos Tap Water Safe to Drink?","North America>United States of America>California",,"Los Gatos",CA,
6816,"Is Lehi Tap Water Safe to Drink?","North America>United States of America>Utah",,Lehi,UT,
6833,"Is Louisville Tap Water Safe to Drink?","North America>United States of America>Kentucky",,Louisville,KY,
6834,"Is Loveland Tap Water Safe to Drink?","North America>United States of America>Colorado",,Loveland,CO,
6835,"Is Lowell Tap Water Safe to Drink?","North America>United States of America>Massachusetts",,Lowell,MA,
6836,"Is Lubbock Tap Water Safe to Drink?","North America>United States of America>Texas",,Lubbock,TX,
6837,"Is Lynchburg Tap Water Safe to Drink?","North America>United States of America>Virginia",,Lynchburg,VA,
6838,"Is Macon Tap Water Safe to Drink?","North America>United States of America>Georgia",,Macon,GA,
6839,"Is Madera Tap Water Safe to Drink?","North America>United States of America>California",,Madera,CA,
6840,"Is Madison Tap Water Safe to Drink?","North America>United States of America>Wisconsin",,Madison,WI,
6841,"Is Malden Tap Water Safe to Drink?","North America>United States of America>Massachusetts",,Malden,MA,
6858,"Is Memphis Tap Water Safe to Drink?","North America>United States of America>Tennessee",,Memphis,TN,
6859,"Is Merced Tap Water Safe to Drink?","North America>United States of America>California",,Merced,CA,
6845,"Is Mankato Tap Water Safe to Drink?","North America>United States of America>Minnesota",,Mankato,MN,
6861,"Is Mesquite Tap Water Safe to Drink?","North America>United States of America>Texas",,Mesquite,TX,
6846,"Is Mansfield Tap Water Safe to Drink?","North America>United States of America>Ohio",,Mansfield,OH,
6830,"Is Longview Tap Water Safe to Drink?","North America>United States of America>Washington",,Longview,WA,
6847,"Is Marietta Tap Water Safe to Drink?","North America>United States of America>Georgia",,Marietta,GA,
6848,"Is Marina Tap Water Safe to Drink?","North America>United States of America>California",,Marina,CA,
6849,"Is Marquette Tap Water Safe to Drink?","North America>United States of America>Michigan",,Marquette,MI,
6850,"Is Martinez Tap Water Safe to Drink?","North America>United States of America>California",,Martinez,CA,
6851,"Is Martinsburg Tap Water Safe to Drink?","North America>United States of America>West Virginia",,Martinsburg,WV,
6852,"Is Maui Tap Water Safe to Drink?","North America>United States of America>Hawaii",,Maui,HI,
6853,"Is McAllen Tap Water Safe to Drink?","North America>United States of America>Texas",,McAllen,TX,
6854,"Is McKinney Tap Water Safe to Drink?","North America>United States of America>Texas",,McKinney,TX,
6855,"Is Mechanicsburg Tap Water Safe to Drink?","North America>United States of America>Pennsylvania",,Mechanicsburg,PA,
6856,"Is Medford Tap Water Safe to Drink?","North America>United States of America>Oregon",,Medford,OR,
6857,"Is Melbourne Tap Water Safe to Drink?","North America>United States of America>Florida",,Melbourne,FL,
6875,"Is Monroe Tap Water Safe to Drink?","North America>United States of America>Louisiana",,Monroe,LA,
6876,"Is Montclair Tap Water Safe to Drink?","North America>United States of America>New Jersey",,Montclair,NJ,
6860,"Is Mesa Tap Water Safe to Drink?","North America>United States of America>Arizona",,Mesa,AZ,
6877,"Is Monterey Tap Water Safe to Drink?","North America>United States of America>California",,Monterey,CA,
6893,"Is Nashua Tap Water Safe to Drink?","North America>United States of America>New Hampshire",,Nashua,NH,
6863,"Is Midland Tap Water Safe to Drink?","North America>United States of America>Michigan",,Midland,MI,
6864,"Is Midland Tap Water Safe to Drink?","North America>United States of America>Texas",,Midland,TX,
6865,"Is Midlothian Tap Water Safe to Drink?","North America>United States of America>Virginia",,Midlothian,VA,
6866,"Is Milwaukee Tap Water Safe to Drink?","North America>United States of America>Wisconsin",,Milwaukee,WI,
6867,"Is Minneapolis Tap Water Safe to Drink?","North America>United States of America>Minnesota",,Minneapolis,MN,
6868,"Is Mission Viejo Tap Water Safe to Drink?","North America>United States of America>California",,"Mission Viejo",CA,
6869,"Is Missoula Tap Water Safe to Drink?","North America>United States of America>Montana",,Missoula,MT,
6870,"Is Moab Tap Water Safe to Drink?","North America>United States of America>Utah",,Moab,UT,
6871,"Is Moberly Tap Water Safe to Drink?","North America>United States of America>Missouri",,Moberly,MO,
6872,"Is Mobile Tap Water Safe to Drink?","North America>United States of America>Alabama",,Mobile,AL,
6873,"Is Modesto Tap Water Safe to Drink?","North America>United States of America>California",,Modesto,CA,
6874,"Is Moline Tap Water Safe to Drink?","North America>United States of America>Illinois",,Moline,IL,
6891,"Is Naperville Tap Water Safe to Drink?","North America>United States of America>Illinois",,Naperville,IL,
6908,"Is Newport Beach Tap Water Safe to Drink?","North America>United States of America>California",,"Newport Beach",CA,
6892,"Is Naples Tap Water Safe to Drink?","North America>United States of America>Florida",,Naples,FL,
6909,"Is Newport News Tap Water Safe to Drink?","North America>United States of America>Virginia",,"Newport News",VA,
6878,"Is Montgomery Tap Water Safe to Drink?","North America>United States of America>Alabama",,Montgomery,AL,
6879,"Is Mooresville Tap Water Safe to Drink?","North America>United States of America>North Carolina",,Mooresville,NC,
6880,"Is Morgantown Tap Water Safe to Drink?","North America>United States of America>West Virginia",,Morgantown,WV,
6881,"Is Morristown Tap Water Safe to Drink?","North America>United States of America>New Jersey",,Morristown,NJ,
6882,"Is Morristown Tap Water Safe to Drink?","North America>United States of America>Tennessee",,Morristown,TN,
6883,"Is Mount Pleasant Tap Water Safe to Drink?","North America>United States of America>Michigan",,"Mount Pleasant",MI,
6884,"Is Mountain View Tap Water Safe to Drink?","North America>United States of America>California",,"Mountain View",CA,
6885,"Is Muncie Tap Water Safe to Drink?","North America>United States of America>Indiana",,Muncie,IN,
6886,"Is Murfreesboro Tap Water Safe to Drink?","North America>United States of America>Tennessee",,Murfreesboro,TN,
6887,"Is Murrieta Tap Water Safe to Drink?","North America>United States of America>California",,Murrieta,CA,
6888,"Is Muskegon Tap Water Safe to Drink?","North America>United States of America>Michigan",,Muskegon,MI,
6889,"Is Myrtle Beach Tap Water Safe to Drink?","North America>United States of America>South Carolina",,"Myrtle Beach",SC,
6890,"Is Napa Tap Water Safe to Drink?","North America>United States of America>California",,Napa,CA,
6907,"Is Newport Tap Water Safe to Drink?","North America>United States of America>Rhode Island",,Newport,RI,
6924,"Is Oceanside Tap Water Safe to Drink?","North America>United States of America>California",,Oceanside,CA,
6925,"Is Odessa Tap Water Safe to Drink?","North America>United States of America>Texas",,Odessa,TX,
6910,"Is Newton Tap Water Safe to Drink?","North America>United States of America>Massachusetts",,Newton,MA,
6894,"Is Nashville Tap Water Safe to Drink?","North America>United States of America>Tennessee",,Nashville,TN,
6895,"Is Natick Tap Water Safe to Drink?","North America>United States of America>Massachusetts",,Natick,MA,
6896,"Is New Bedford Tap Water Safe to Drink?","North America>United States of America>Massachusetts",,"New Bedford",MA,
6897,"Is New Bern Tap Water Safe to Drink?","North America>United States of America>North Carolina",,"New Bern",NC,
6898,"Is New Braunfels Tap Water Safe to Drink?","North America>United States of America>Texas",,"New Braunfels",TX,
6899,"Is New City Tap Water Safe to Drink?","North America>United States of America>New York",,"New City",NY,
6900,"Is New Haven Tap Water Safe to Drink?","North America>United States of America>Connecticut",,"New Haven",CT,
6901,"Is New Orleans Tap Water Safe to Drink?","North America>United States of America>Louisiana",,"New Orleans",LA,
6902,"Is New Port Richey Tap Water Safe to Drink?","North America>United States of America>Florida",,"New Port Richey",FL,
6904,"Is Newark Tap Water Safe to Drink?","North America>United States of America>Delaware",,Newark,DE,
6905,"Is Newark Tap Water Safe to Drink?","North America>United States of America>New Jersey",,Newark,NJ,
6921,"Is O'Fallon Tap Water Safe to Drink?","North America>United States of America>Missouri",,O'Fallon,MO,
6906,"Is Newnan Tap Water Safe to Drink?","North America>United States of America>Georgia",,Newnan,GA,
6922,"Is Oakland Tap Water Safe to Drink?","North America>United States of America>California",,Oakland,CA,
6923,"Is Ocala Tap Water Safe to Drink?","North America>United States of America>Florida",,Ocala,FL,
6940,"Is Palm Springs Tap Water Safe to Drink?","North America>United States of America>California",,"Palm Springs",CA,
6941,"Is Palmdale Tap Water Safe to Drink?","North America>United States of America>California",,Palmdale,CA,
6926,"Is Ogden Tap Water Safe to Drink?","North America>United States of America>Utah",,Ogden,UT,
6911,"Is Niagara Falls Tap Water Safe to Drink?","North America>United States of America>New York",,"Niagara Falls",NY,
6927,"Is Oklahoma City Tap Water Safe to Drink?","North America>United States of America>Oklahoma",,"Oklahoma City",OK,
6912,"Is Niles Tap Water Safe to Drink?","North America>United States of America>Michigan",,Niles,MI,
6913,"Is Norfolk Tap Water Safe to Drink?","North America>United States of America>Virginia",,Norfolk,VA,
6914,"Is Normal Tap Water Safe to Drink?","North America>United States of America>Illinois",,Normal,IL,
6915,"Is Norman Tap Water Safe to Drink?","North America>United States of America>Oklahoma",,Norman,OK,
6916,"Is North Brunswick Tap Water Safe to Drink?","North America>United States of America>New Jersey",,"North Brunswick",NJ,
6917,"Is North Platte Tap Water Safe to Drink?","North America>United States of America>Nebraska",,"North Platte",NE,
6918,"Is Northampton Tap Water Safe to Drink?","North America>United States of America>Massachusetts",,Northampton,MA,
6919,"Is Norwalk Tap Water Safe to Drink?","North America>United States of America>California",,Norwalk,CA,
6920,"Is Norwalk Tap Water Safe to Drink?","North America>United States of America>Connecticut",,Norwalk,CT,
6936,"Is Owosso Tap Water Safe to Drink?","North America>United States of America>Michigan",,Owosso,MI,
6937,"Is Oxnard Tap Water Safe to Drink?","North America>United States of America>California",,Oxnard,CA,
6938,"Is Paducah Tap Water Safe to Drink?","North America>United States of America>Kentucky",,Paducah,KY,
6939,"Is Palm Coast Tap Water Safe to Drink?","North America>United States of America>Florida",,"Palm Coast",FL,
6956,"Is Pinehurst Tap Water Safe to Drink?","North America>United States of America>North Carolina",,Pinehurst,NC,
6957,"Is Pittsburgh Tap Water Safe to Drink?","North America>United States of America>Pennsylvania",,Pittsburgh,PA,
6942,"Is Palo Alto Tap Water Safe to Drink?","North America>United States of America>California",,"Palo Alto",CA,
6943,"Is Panama City Tap Water Safe to Drink?","North America>United States of America>Florida",,"Panama City",FL,
6928,"Is Olympia Tap Water Safe to Drink?","North America>United States of America>Washington",,Olympia,WA,
6929,"Is Omaha Tap Water Safe to Drink?","North America>United States of America>Nebraska",,Omaha,NE,
6930,"Is Ontario Tap Water Safe to Drink?","North America>United States of America>California",,Ontario,CA,
6931,"Is Orem Tap Water Safe to Drink?","North America>United States of America>Utah",,Orem,UT,
6932,"Is Orlando Tap Water Safe to Drink?","North America>United States of America>Florida",,Orlando,FL,
6933,"Is Oshkosh Tap Water Safe to Drink?","North America>United States of America>Wisconsin",,Oshkosh,WI,
6934,"Is Overland Park Tap Water Safe to Drink?","North America>United States of America>Kansas",,"Overland Park",KS,
6950,"Is Payson Tap Water Safe to Drink?","North America>United States of America>Arizona",,Payson,AZ,
6935,"Is Owensboro Tap Water Safe to Drink?","North America>United States of America>Kentucky",,Owensboro,KY,
6951,"Is Pensacola Tap Water Safe to Drink?","North America>United States of America>Florida",,Pensacola,FL,
6952,"Is Peoria Tap Water Safe to Drink?","North America>United States of America>Arizona",,Peoria,AZ,
6953,"Is Peoria Tap Water Safe to Drink?","North America>United States of America>Illinois",,Peoria,IL,
6954,"Is Philadelphia Tap Water Safe to Drink?","North America>United States of America>Pennsylvania",,Philadelphia,PA,
6955,"Is Phoenix Tap Water Safe to Drink?","North America>United States of America>Arizona",,Phoenix,AZ,
6972,"Is Poulsbo Tap Water Safe to Drink?","North America>United States of America>Washington",,Poulsbo,WA,
6973,"Is Prescott Tap Water Safe to Drink?","North America>United States of America>Arizona",,Prescott,AZ,
6958,"Is Pittsfield Tap Water Safe to Drink?","North America>United States of America>Massachusetts",,Pittsfield,MA,
6959,"Is Plano Tap Water Safe to Drink?","North America>United States of America>Texas",,Plano,TX,
6944,"Is Parkersburg Tap Water Safe to Drink?","North America>United States of America>West Virginia",,Parkersburg,WV,
6945,"Is Parsippany-Troy Hills Tap Water Safe to Drink?","North America>United States of America>New Jersey",,"Parsippany-Troy Hills",NJ,
6946,"Is Pasadena Tap Water Safe to Drink?","North America>United States of America>California",,Pasadena,CA,
6947,"Is Paso Robles Tap Water Safe to Drink?","North America>United States of America>California",,"Paso Robles",CA,
6948,"Is Passaic Tap Water Safe to Drink?","North America>United States of America>New Jersey",,Passaic,NJ,
6949,"Is Paterson Tap Water Safe to Drink?","North America>United States of America>New Jersey",,Paterson,NJ,
6970,"Is Portsmouth Tap Water Safe to Drink?","North America>United States of America>New Hampshire",,Portsmouth,NH,
6971,"Is Poughkeepsie Tap Water Safe to Drink?","North America>United States of America>New York",,Poughkeepsie,NY,
6988,"Is Redmond Tap Water Safe to Drink?","North America>United States of America>Washington",,Redmond,WA,
6989,"Is Redondo Beach Tap Water Safe to Drink?","North America>United States of America>California",,"Redondo Beach",CA,
6974,"Is Princeton Tap Water Safe to Drink?","North America>United States of America>New Jersey",,Princeton,NJ,
6960,"Is Plattsburgh Tap Water Safe to Drink?","North America>United States of America>New York",,Plattsburgh,NY,
6961,"Is Pleasant Hill Tap Water Safe to Drink?","North America>United States of America>California",,"Pleasant Hill",CA,
6962,"Is Pleasanton Tap Water Safe to Drink?","North America>United States of America>California",,Pleasanton,CA,
6963,"Is Plymouth Tap Water Safe to Drink?","North America>United States of America>Michigan",,Plymouth,MI,
6964,"Is Pocatello Tap Water Safe to Drink?","North America>United States of America>Idaho",,Pocatello,ID,
6965,"Is Pomona Tap Water Safe to Drink?","North America>United States of America>California",,Pomona,CA,
6966,"Is Port Huron Tap Water Safe to Drink?","North America>United States of America>Michigan",,"Port Huron",MI,
6967,"Is Port St Lucie Tap Water Safe to Drink?","North America>United States of America>Florida",,"Port St Lucie",FL,
6968,"Is Portland Tap Water Safe to Drink?","North America>United States of America>Maine",,Portland,ME,
6969,"Is Portland Tap Water Safe to Drink?","North America>United States of America>Oregon",,Portland,OR,
6977,"Is Pullman Tap Water Safe to Drink?","North America>United States of America>Washington",,Pullman,WA,
6978,"Is Puyallup Tap Water Safe to Drink?","North America>United States of America>Washington",,Puyallup,WA,
6979,"Is Queens Tap Water Safe to Drink?","North America>United States of America>New York",,Queens,NY,
6980,"Is Quincy Tap Water Safe to Drink?","North America>United States of America>Illinois",,Quincy,IL,
6981,"Is Raleigh Tap Water Safe to Drink?","North America>United States of America>North Carolina",,Raleigh,NC,
6982,"Is Rancho Cucamonga Tap Water Safe to Drink?","North America>United States of America>California",,"Rancho Cucamonga",CA,
6983,"Is Rapid City Tap Water Safe to Drink?","North America>United States of America>South Dakota",,"Rapid City",SD,
6984,"Is Reading Tap Water Safe to Drink?","North America>United States of America>Pennsylvania",,Reading,PA,
6985,"Is Red Bank Tap Water Safe to Drink?","North America>United States of America>New Jersey",,"Red Bank",NJ,
6986,"Is Redding Tap Water Safe to Drink?","North America>United States of America>California",,Redding,CA,
6987,"Is Redlands Tap Water Safe to Drink?","North America>United States of America>California",,Redlands,CA,
7004,"Is Rock Hill Tap Water Safe to Drink?","North America>United States of America>South Carolina",,"Rock Hill",SC,
7005,"Is Rock Springs Tap Water Safe to Drink?","North America>United States of America>Wyoming",,"Rock Springs",WY,
6990,"Is Redwood City Tap Water Safe to Drink?","North America>United States of America>California",,"Redwood City",CA,
6975,"Is Providence Tap Water Safe to Drink?","North America>United States of America>Rhode Island",,Providence,RI,
6991,"Is Rehoboth Beach Tap Water Safe to Drink?","North America>United States of America>Delaware",,"Rehoboth Beach",DE,
7007,"Is Rocklin Tap Water Safe to Drink?","North America>United States of America>California",,Rocklin,CA,
6976,"Is Pueblo Tap Water Safe to Drink?","North America>United States of America>Colorado",,Pueblo,CO,
6992,"Is Reno Tap Water Safe to Drink?","North America>United States of America>Nevada",,Reno,NV,
7008,"Is Rockville Tap Water Safe to Drink?","North America>United States of America>Maryland",,Rockville,MD,
6993,"Is Renton Tap Water Safe to Drink?","North America>United States of America>Washington",,Renton,WA,
6994,"Is Reston Tap Water Safe to Drink?","North America>United States of America>Virginia",,Reston,VA,
6995,"Is Richland Tap Water Safe to Drink?","North America>United States of America>Washington",,Richland,WA,
6996,"Is Richmond Tap Water Safe to Drink?","North America>United States of America>Kentucky",,Richmond,KY,
6997,"Is Richmond Tap Water Safe to Drink?","North America>United States of America>Virginia",,Richmond,VA,
6998,"Is Ridgewood Tap Water Safe to Drink?","North America>United States of America>New Jersey",,Ridgewood,NJ,
6999,"Is Riverside Tap Water Safe to Drink?","North America>United States of America>California",,Riverside,CA,
7000,"Is Roanoke Tap Water Safe to Drink?","North America>United States of America>Virginia",,Roanoke,VA,
7001,"Is Rochester Tap Water Safe to Drink?","North America>United States of America>Michigan",,Rochester,MI,
7002,"Is Rochester Tap Water Safe to Drink?","North America>United States of America>Minnesota",,Rochester,MN,
7003,"Is Rochester Tap Water Safe to Drink?","North America>United States of America>New York",,Rochester,NY,
7020,"Is Saint Louis Tap Water Safe to Drink?","North America>United States of America>Missouri",,"Saint Louis",MO,
7021,"Is Saint Paul Tap Water Safe to Drink?","North America>United States of America>Minnesota",,"Saint Paul",MN,
7006,"Is Rockford Tap Water Safe to Drink?","North America>United States of America>Illinois",,Rockford,IL,
7023,"Is Salem Tap Water Safe to Drink?","North America>United States of America>Oregon",,Salem,OR,
7024,"Is Salina Tap Water Safe to Drink?","North America>United States of America>Kansas",,Salina,KS,
7009,"Is Rockwall Tap Water Safe to Drink?","North America>United States of America>Texas",,Rockwall,TX,
7010,"Is Rocky Mount Tap Water Safe to Drink?","North America>United States of America>North Carolina",,"Rocky Mount",NC,
7011,"Is Rogers Tap Water Safe to Drink?","North America>United States of America>Arkansas",,Rogers,AR,
7012,"Is Roseburg Tap Water Safe to Drink?","North America>United States of America>Oregon",,Roseburg,OR,
7013,"Is Roseville Tap Water Safe to Drink?","North America>United States of America>California",,Roseville,CA,
7014,"Is Sacramento Tap Water Safe to Drink?","North America>United States of America>California",,Sacramento,CA,
7015,"Is Saginaw Tap Water Safe to Drink?","North America>United States of America>Michigan",,Saginaw,MI,
7016,"Is Saint Charles Tap Water Safe to Drink?","North America>United States of America>Missouri",,"Saint Charles",MO,
7017,"Is Saint Cloud Tap Water Safe to Drink?","North America>United States of America>Minnesota",,"Saint Cloud",MN,
7018,"Is Saint George Tap Water Safe to Drink?","North America>United States of America>Utah",,"Saint George",UT,
7019,"Is Saint Joseph Tap Water Safe to Drink?","North America>United States of America>Missouri",,"Saint Joseph",MO,
7037,"Is San Mateo Tap Water Safe to Drink?","North America>United States of America>California",,"San Mateo",CA,
7053,"Is Schenectady Tap Water Safe to Drink?","North America>United States of America>New York",,Schenectady,NY,
7038,"Is San Rafael Tap Water Safe to Drink?","North America>United States of America>California",,"San Rafael",CA,
7022,"Is Saint Petersburg Tap Water Safe to Drink?","North America>United States of America>Florida",,"Saint Petersburg",FL,
7039,"Is Sandusky Tap Water Safe to Drink?","North America>United States of America>Ohio",,Sandusky,OH,
7025,"Is Salisbury Tap Water Safe to Drink?","North America>United States of America>Maryland",,Salisbury,MD,
7026,"Is Salt Lake City Tap Water Safe to Drink?","North America>United States of America>Utah",,"Salt Lake City",UT,
7027,"Is San Angelo Tap Water Safe to Drink?","North America>United States of America>Texas",,"San Angelo",TX,
7028,"Is San Antonio Tap Water Safe to Drink?","North America>United States of America>Texas",,"San Antonio",TX,
7029,"Is San Bernardino Tap Water Safe to Drink?","North America>United States of America>California",,"San Bernardino",CA,
7030,"Is San Diego Tap Water Safe to Drink?","North America>United States of America>California",,"San Diego",CA,
7031,"Is San Dimas Tap Water Safe to Drink?","North America>United States of America>California",,"San Dimas",CA,
7033,"Is San Jose Tap Water Safe to Drink?","North America>United States of America>California",,"San Jose",CA,
7049,"Is Sarasota Tap Water Safe to Drink?","North America>United States of America>Florida",,Sarasota,FL,
7034,"Is San Leandro Tap Water Safe to Drink?","North America>United States of America>California",,"San Leandro",CA,
7050,"Is Saratoga Springs Tap Water Safe to Drink?","North America>United States of America>New York",,"Saratoga Springs",NY,
7035,"Is San Luis Obispo Tap Water Safe to Drink?","North America>United States of America>California",,"San Luis Obispo",CA,
7051,"Is Savannah Tap Water Safe to Drink?","North America>United States of America>Georgia",,Savannah,GA,https://www.lonelyplanet.com/usa/the-south/savannah/health
7036,"Is San Marcos Tap Water Safe to Drink?","North America>United States of America>Texas",,"San Marcos",TX,
7052,"Is Schaumburg Tap Water Safe to Drink?","North America>United States of America>Illinois",,Schaumburg,IL,
7069,"Is Sioux City Tap Water Safe to Drink?","North America>United States of America>Iowa",,"Sioux City",IA,
7040,"Is Santa Ana Tap Water Safe to Drink?","North America>United States of America>California",,"Santa Ana",CA,
7041,"Is Santa Barbara Tap Water Safe to Drink?","North America>United States of America>California",,"Santa Barbara",CA,
7042,"Is Santa Clara Tap Water Safe to Drink?","North America>United States of America>California",,"Santa Clara",CA,
7043,"Is Santa Clarita Tap Water Safe to Drink?","North America>United States of America>California",,"Santa Clarita",CA,
7044,"Is Santa Cruz Tap Water Safe to Drink?","North America>United States of America>California",,"Santa Cruz",CA,
7045,"Is Santa Fe Tap Water Safe to Drink?","North America>United States of America>New Mexico",,"Santa Fe",NM,
7046,"Is Santa Maria Tap Water Safe to Drink?","North America>United States of America>California",,"Santa Maria",CA,
7062,"Is Shelby Tap Water Safe to Drink?","North America>United States of America>North Carolina",,Shelby,NC,
7047,"Is Santa Monica Tap Water Safe to Drink?","North America>United States of America>California",,"Santa Monica",CA,
7063,"Is Sheridan Tap Water Safe to Drink?","North America>United States of America>Wyoming",,Sheridan,WY,
7048,"Is Santa Rosa Tap Water Safe to Drink?","North America>United States of America>California",,"Santa Rosa",CA,
7064,"Is Sherman Tap Water Safe to Drink?","North America>United States of America>Texas",,Sherman,TX,
7065,"Is Shreveport Tap Water Safe to Drink?","North America>United States of America>Louisiana",,Shreveport,LA,
7066,"Is Sierra Vista Tap Water Safe to Drink?","North America>United States of America>Arizona",,"Sierra Vista",AZ,
7067,"Is Silver Spring Tap Water Safe to Drink?","North America>United States of America>Maryland",,"Silver Spring",MD,
7068,"Is Simi Valley Tap Water Safe to Drink?","North America>United States of America>California",,"Simi Valley",CA,
7085,"Is St. Augustine Tap Water Safe to Drink?","North America>United States of America>Florida",,"St. Augustine",FL,
7054,"Is Scottsdale Tap Water Safe to Drink?","North America>United States of America>Arizona",,Scottsdale,AZ,
7055,"Is Scranton Tap Water Safe to Drink?","North America>United States of America>Pennsylvania",,Scranton,PA,
7056,"Is SeaTac Tap Water Safe to Drink?","North America>United States of America>Washington",,SeaTac,WA,
7072,"Is Smithtown Tap Water Safe to Drink?","North America>United States of America>New York",,Smithtown,NY,
7057,"Is Seattle Tap Water Safe to Drink?","North America>United States of America>Washington",,Seattle,WA,
7073,"Is Somerset Tap Water Safe to Drink?","North America>United States of America>New Jersey",,Somerset,NJ,
7058,"Is Sebring Tap Water Safe to Drink?","North America>United States of America>Florida",,Sebring,FL,
7074,"Is Somerville Tap Water Safe to Drink?","North America>United States of America>Massachusetts",,Somerville,MA,
7059,"Is Sedalia Tap Water Safe to Drink?","North America>United States of America>Missouri",,Sedalia,MO,
7075,"Is South Bend Tap Water Safe to Drink?","North America>United States of America>Indiana",,"South Bend",IN,
7060,"Is Seward Tap Water Safe to Drink?","North America>United States of America>Alaska",,Seward,AK,
7076,"Is Southfield Tap Water Safe to Drink?","North America>United States of America>Michigan",,Southfield,MI,
7061,"Is Sheboygan Tap Water Safe to Drink?","North America>United States of America>Wisconsin",,Sheboygan,WI,
7077,"Is Spartanburg Tap Water Safe to Drink?","North America>United States of America>South Carolina",,Spartanburg,SC,
7078,"Is Spokane Tap Water Safe to Drink?","North America>United States of America>Washington",,Spokane,WA,
7079,"Is Spring Hill Tap Water Safe to Drink?","North America>United States of America>Florida",,"Spring Hill",FL,
7080,"Is Springfield Tap Water Safe to Drink?","North America>United States of America>Illinois",,Springfield,IL,
7081,"Is Springfield Tap Water Safe to Drink?","North America>United States of America>Massachusetts",,Springfield,MA,
7082,"Is Springfield Tap Water Safe to Drink?","North America>United States of America>Missouri",,Springfield,MO,
7083,"Is Springfield Tap Water Safe to Drink?","North America>United States of America>Oregon",,Springfield,OR,
7084,"Is Springfield Tap Water Safe to Drink?","North America>United States of America>Virginia",,Springfield,VA,
7101,"Is Tacoma Tap Water Safe to Drink?","North America>United States of America>Washington",,Tacoma,WA,
7070,"Is Sioux Falls Tap Water Safe to Drink?","North America>United States of America>South Dakota",,"Sioux Falls",SD,
7086,"Is Stamford Tap Water Safe to Drink?","North America>United States of America>Connecticut",,Stamford,CT,
7071,"Is Sitka Tap Water Safe to Drink?","North America>United States of America>Alaska",,Sitka,AK,
7092,"Is Stevens Point Tap Water Safe to Drink?","North America>United States of America>Wisconsin",,"Stevens Point",WI,
7093,"Is Stillwater Tap Water Safe to Drink?","North America>United States of America>Oklahoma",,Stillwater,OK,
7094,"Is Stockton Tap Water Safe to Drink?","North America>United States of America>California",,Stockton,CA,
7095,"Is Sugar Land Tap Water Safe to Drink?","North America>United States of America>Texas",,"Sugar Land",TX,
7096,"Is Sumter Tap Water Safe to Drink?","North America>United States of America>South Carolina",,Sumter,SC,
7097,"Is Sunnyvale Tap Water Safe to Drink?","North America>United States of America>California",,Sunnyvale,CA,
7098,"Is Sunrise Tap Water Safe to Drink?","North America>United States of America>Florida",,Sunrise,FL,
7099,"Is Surprise Tap Water Safe to Drink?","North America>United States of America>Arizona",,Surprise,AZ,
7100,"Is Syracuse Tap Water Safe to Drink?","North America>United States of America>New York",,Syracuse,NY,
7102,"Is Tallahassee Tap Water Safe to Drink?","North America>United States of America>Florida",,Tallahassee,FL,
7087,"Is Starkville Tap Water Safe to Drink?","North America>United States of America>Mississippi",,Starkville,MS,
7088,"Is State College Tap Water Safe to Drink?","North America>United States of America>Pennsylvania",,"State College",PA,
7089,"Is Staten Island Tap Water Safe to Drink?","North America>United States of America>New York",,"Staten Island",NY,
7090,"Is Statesboro Tap Water Safe to Drink?","North America>United States of America>Georgia",,Statesboro,GA,
7091,"Is Sterling Heights Tap Water Safe to Drink?","North America>United States of America>Michigan",,"Sterling Heights",MI,
7107,"Is Temple Tap Water Safe to Drink?","North America>United States of America>Texas",,Temple,TX,
7108,"Is Terre Haute Tap Water Safe to Drink?","North America>United States of America>Indiana",,"Terre Haute",IN,
7109,"Is Texarkana Tap Water Safe to Drink?","North America>United States of America>Texas",,Texarkana,TX,
7110,"Is The Woodlands Tap Water Safe to Drink?","North America>United States of America>Texas",,"The Woodlands",TX,
7111,"Is Thornton Tap Water Safe to Drink?","North America>United States of America>Colorado",,Thornton,CO,
7112,"Is Thousand Oaks Tap Water Safe to Drink?","North America>United States of America>California",,"Thousand Oaks",CA,
7113,"Is Toledo Tap Water Safe to Drink?","North America>United States of America>Ohio",,Toledo,OH,
7117,"Is Tracy Tap Water Safe to Drink?","North America>United States of America>California",,Tracy,CA,
7103,"Is Tampa Tap Water Safe to Drink?","North America>United States of America>Florida",,Tampa,FL,
7104,"Is Taos Tap Water Safe to Drink?","North America>United States of America>New Mexico",,Taos,NM,
7105,"Is Temecula Tap Water Safe to Drink?","North America>United States of America>California",,Temecula,CA,
7106,"Is Tempe Tap Water Safe to Drink?","North America>United States of America>Arizona",,Tempe,AZ,
7124,"Is Tuscaloosa Tap Water Safe to Drink?","North America>United States of America>Alabama",,Tuscaloosa,AL,
7125,"Is Twin Falls Tap Water Safe to Drink?","North America>United States of America>Idaho",,"Twin Falls",ID,
7126,"Is Tyler Tap Water Safe to Drink?","North America>United States of America>Texas",,Tyler,TX,
7127,"Is Ukiah Tap Water Safe to Drink?","North America>United States of America>California",,Ukiah,CA,
7128,"Is Upland Tap Water Safe to Drink?","North America>United States of America>California",,Upland,CA,
7129,"Is Urbana Tap Water Safe to Drink?","North America>United States of America>Illinois",,Urbana,IL,
7114,"Is Toms River Tap Water Safe to Drink?","North America>United States of America>New Jersey",,"Toms River",NJ,
7130,"Is Utica Tap Water Safe to Drink?","North America>United States of America>New York",,Utica,NY,
7115,"Is Topeka Tap Water Safe to Drink?","North America>United States of America>Kansas",,Topeka,KS,
7131,"Is Vacaville Tap Water Safe to Drink?","North America>United States of America>California",,Vacaville,CA,
7116,"Is Torrance Tap Water Safe to Drink?","North America>United States of America>California",,Torrance,CA,
7133,"Is Vallejo Tap Water Safe to Drink?","North America>United States of America>California",,Vallejo,CA,
7118,"Is Traverse City Tap Water Safe to Drink?","North America>United States of America>Michigan",,"Traverse City",MI,
7119,"Is Trenton Tap Water Safe to Drink?","North America>United States of America>New Jersey",,Trenton,NJ,
7120,"Is Troy Tap Water Safe to Drink?","North America>United States of America>Michigan",,Troy,MI,
7121,"Is Tucson Tap Water Safe to Drink?","North America>United States of America>Arizona",,Tucson,AZ,
7122,"Is Tulsa Tap Water Safe to Drink?","North America>United States of America>Oklahoma",,Tulsa,OK,
7123,"Is Tupelo Tap Water Safe to Drink?","North America>United States of America>Mississippi",,Tupelo,MS,
7142,"Is Visalia Tap Water Safe to Drink?","North America>United States of America>California",,Visalia,CA,
7143,"Is Vista Tap Water Safe to Drink?","North America>United States of America>California",,Vista,CA,
7144,"Is Waco Tap Water Safe to Drink?","North America>United States of America>Texas",,Waco,TX,
7145,"Is Wadsworth Tap Water Safe to Drink?","North America>United States of America>Ohio",,Wadsworth,OH,
7146,"Is Waldorf Tap Water Safe to Drink?","North America>United States of America>Maryland",,Waldorf,MD,
7147,"Is Walla Walla Tap Water Safe to Drink?","North America>United States of America>Washington",,"Walla Walla",WA,
7132,"Is Valdosta Tap Water Safe to Drink?","North America>United States of America>Georgia",,Valdosta,GA,
7149,"Is Warner Robins Tap Water Safe to Drink?","North America>United States of America>Georgia",,"Warner Robins",GA,
7134,"Is Valparaiso Tap Water Safe to Drink?","North America>United States of America>Indiana",,Valparaiso,IN,
7135,"Is Vancouver Tap Water Safe to Drink?","North America>United States of America>Washington",,Vancouver,WA,
7136,"Is Venice Tap Water Safe to Drink?","North America>United States of America>Florida",,Venice,FL,
7137,"Is Ventura Tap Water Safe to Drink?","North America>United States of America>California",,Ventura,CA,
7138,"Is Vero Beach Tap Water Safe to Drink?","North America>United States of America>Florida",,"Vero Beach",FL,
7139,"Is Victoria Tap Water Safe to Drink?","North America>United States of America>Texas",,Victoria,TX,
7140,"Is Victorville Tap Water Safe to Drink?","North America>United States of America>California",,Victorville,CA,
7141,"Is Virginia Beach Tap Water Safe to Drink?","North America>United States of America>Virginia",,"Virginia Beach",VA,
7159,"Is Wausau Tap Water Safe to Drink?","North America>United States of America>Wisconsin",,Wausau,WI,
7160,"Is Waynesville Tap Water Safe to Drink?","North America>United States of America>Missouri",,Waynesville,MO,
7161,"Is Webster Tap Water Safe to Drink?","North America>United States of America>New York",,Webster,NY,
7162,"Is Wenatchee Tap Water Safe to Drink?","North America>United States of America>Washington",,Wenatchee,WA,
7163,"Is West Chester Tap Water Safe to Drink?","North America>United States of America>Pennsylvania",,"West Chester",PA,
7164,"Is West Hartford Tap Water Safe to Drink?","North America>United States of America>Connecticut",,"West Hartford",CT,
7148,"Is Walnut Creek Tap Water Safe to Drink?","North America>United States of America>California",,"Walnut Creek",CA,
7150,"Is Warren Tap Water Safe to Drink?","North America>United States of America>Michigan",,Warren,MI,
7152,"Is Wasilla Tap Water Safe to Drink?","North America>United States of America>Alaska",,Wasilla,AK,
7153,"Is Waterbury Tap Water Safe to Drink?","North America>United States of America>Connecticut",,Waterbury,CT,
7154,"Is Waterloo Tap Water Safe to Drink?","North America>United States of America>Iowa",,Waterloo,IA,
7155,"Is Watertown Tap Water Safe to Drink?","North America>United States of America>New York",,Watertown,NY,
7156,"Is Watertown Tap Water Safe to Drink?","North America>United States of America>South Dakota",,Watertown,SD,
7157,"Is Waukegan Tap Water Safe to Drink?","North America>United States of America>Illinois",,Waukegan,IL,
7158,"Is Waukesha Tap Water Safe to Drink?","North America>United States of America>Wisconsin",,Waukesha,WI,
7174,"Is Wichita Falls Tap Water Safe to Drink?","North America>United States of America>Texas",,"Wichita Falls",TX,
7175,"Is Wilkes-Barre Tap Water Safe to Drink?","North America>United States of America>Pennsylvania",,Wilkes-Barre,PA,
7176,"Is Williamsburg Tap Water Safe to Drink?","North America>United States of America>Virginia",,Williamsburg,VA,
7177,"Is Williamsport Tap Water Safe to Drink?","North America>United States of America>Pennsylvania",,Williamsport,PA,
7178,"Is Williston Tap Water Safe to Drink?","North America>United States of America>North Dakota",,Williston,ND,
7179,"Is Wilmington Tap Water Safe to Drink?","North America>United States of America>Delaware",,Wilmington,DE,
7180,"Is Wilmington Tap Water Safe to Drink?","North America>United States of America>North Carolina",,Wilmington,NC,
7165,"Is West Hollywood Tap Water Safe to Drink?","North America>United States of America>California",,"West Hollywood",CA,
7166,"Is West Lafayette Tap Water Safe to Drink?","North America>United States of America>Indiana",,"West Lafayette",IN,
7182,"Is Winston-Salem Tap Water Safe to Drink?","North America>United States of America>North Carolina",,Winston-Salem,NC,
7167,"Is West New York Tap Water Safe to Drink?","North America>United States of America>New Jersey",,"West New York",NJ,
7183,"Is Woodbridge Tap Water Safe to Drink?","North America>United States of America>New Jersey",,Woodbridge,NJ,
7168,"Is West Palm Beach Tap Water Safe to Drink?","North America>United States of America>Florida",,"West Palm Beach",FL,
7184,"Is Woodbridge Tap Water Safe to Drink?","North America>United States of America>Virginia",,Woodbridge,VA,
7169,"Is West Plains Tap Water Safe to Drink?","North America>United States of America>Missouri",,"West Plains",MO,
7185,"Is Woodstock Tap Water Safe to Drink?","North America>United States of America>Georgia",,Woodstock,GA,
7170,"Is Wheaton Tap Water Safe to Drink?","North America>United States of America>Illinois",,Wheaton,IL,
7186,"Is Wooster Tap Water Safe to Drink?","North America>United States of America>Ohio",,Wooster,OH,
7171,"Is Wheeling Tap Water Safe to Drink?","North America>United States of America>West Virginia",,Wheeling,WV,
7187,"Is Worcester Tap Water Safe to Drink?","North America>United States of America>Massachusetts",,Worcester,MA,
7172,"Is White Plains Tap Water Safe to Drink?","North America>United States of America>New York",,"White Plains",NY,
7173,"Is Wichita Tap Water Safe to Drink?","North America>United States of America>Kansas",,Wichita,KS,
7181,"Is Winchester Tap Water Safe to Drink?","North America>United States of America>Virginia",,Winchester,VA,
735,"Is Miami Tap Water Safe to Drink? (2020)","North America>United States of America>Florida",,Miami,FL,
469,"Is Honolulu Tap Water Safe To Drink? (2020)","North America>United States of America>Hawaii",,Honolulu,HI,
984,"Is Las Vegas Tap Water Safe to Drink? (2020)","North America>United States of America>Nevada",,"Las Vegas",NV,"https://www.lonelyplanet.com/usa/las-vegas/health,https://www.lonelyplanet.com/usa/las-vegas/healt"
2647,"Is Chicago Tap Water Safe to Drink? (2020)","North America>United States of America>Illinois",,Chicago,IL,
116,"Is New York Tap Water Safe to Drink? (2020)","North America>United States of America>New York",,"New York",NY,
1326,"Is Washington D.C. Tap Water Safe to Drink? (2020)","North America>United States of America>District of Columbia",,Washington,DC,
842,"Is Los Angeles Tap Water Safe for Drinking? (2020)","North America>United States of America>California",,"Los Angeles",CA,https://www.lonelyplanet.com/usa/los-angeles/health
1405,"Is San Francisco Tap Water Safe to Drink? (2020)","North America>United States of America>California",," San Francisco",CA,https://www.lonelyplanet.com/usa/san-francisco/health
